ss001,-0.48641123,-1.36043046,,0.43746351,-1.26323058,-0.83229499,,,-0.33230664,0.91718873,-0.42796776,-0.54380667,0.87049173,-1.15088902,-1.03722836,0.55694092,0.67059718,-0.76733487,-0.39540099,-0.46708811,-0.34598628,-0.54088865,-0.47603129,,,0.95573251,-0.55444262,-1.64939151,0.99296899,-0.5446897,0.45498183,-0.54386799,1.16347887,1.09409549,0.56463302,-1.16153243,2.26608554,,,-1.50759062,2.35897061,,0.88516232,1.73258627,0.60124767,0.61368801,1
ss008,1.64713052,-1.62956315,-1.3078991,-0.9005553,1.3235704,-0.91377202,-0.69168034,-0.86347158,1.50204991,-0.79227005,-1.30452908,-1.22382873,1.21969207,1.07964389,-0.91216173,0.92542598,0.5626181,-1.75010581,-0.67131059,0.63897188,-1.59737355,0.93545732,-1.56068948,-1.13004778,-0.46259329,1.72935393,,1.81895136,,1.67146061,-0.93303153,1.02025786,1.56663137,-1.10282777,-1.08928611,0.79145494,-1.81572465,-1.13558554,-2.40838651,1.17983685,,-1.39446397,0.78784914,-1.29258039,-0.83415609,-0.98258218,1
ss011,3.40595149,,-0.81333376,,0.70746883,1.72153315,,,1.24311675,-0.57781722,-0.42183322,1.41557265,-0.75484356,,,0.71875271,0.7123452,0.5056578,-0.39901178,1.01161843,-0.62232886,-0.99390704,-1.03730605,,,1.25779615,-1.12229996,1.13521985,2.04651337,4.53811993,1.19450194,1.55106715,2.88580315,1.30116249,1.00456842,-2.34826705,,,,,0.82288376,2.23454254,1.03633133,-1.6116193,-1.41146076,-0.99893572,1
ss014,0.84038455,0.15700446,0.08274979,0.10485767,0.23236957,-0.21893984,,,0.26152194,0.50258252,0.19761116,-0.14736979,0.10058211,-0.13589229,,,0.51138429,0.74335829,-0.20301528,0.4865463,-0.22879051,-0.24438872,0.21606499,,,0.12368488,0.52487158,0.17852707,0.96397928,0.36044577,0.57389667,0.57324396,0.69213818,0.10453488,0.17674052,0.15516317,0.15283107,-0.09033166,-0.23291689,0.2377512,0.12704914,0.46201704,0.46186796,0.79427587,0.34428721,0.4150764,1
ss018,0.68635221,0.38452749,-0.13777914,-0.92821658,0.69396355,-0.60102825,,,,1.15978104,0.17564109,0.15112993,0.30814332,0.32297557,,,2.1971803,1.0182766,-0.79644895,-0.37566334,-1.26189238,-1.07820487,-0.80243187,,,0.14698295,1.62406641,1.02656114,1.07358376,-1.06558672,0.93115974,0.92392584,1.70578541,0.39968057,0.44195847,-1.58688372,0.73699219,0.86183302,0.43450745,5.68591122,2.14003833,0.62150791,0.68083325,1.09419008,0.78055123,1.00979852,1
ss025,2.64269815,-0.57025126,0.49642885,0.18157158,0.63124397,0.45778233,-0.26376164,1.75418433,1.06359238,0.7065821,-0.37369828,0.51073116,-0.59737865,-0.2871516,0.51321394,0.75046713,0.35426568,0.26490608,0.33717926,-0.57036091,-0.17315253,-0.2665732,-0.41279781,-0.65841099,-0.24208792,-0.22370702,0.89715655,1.27079119,0.69110201,0.86990674,1.01673018,1.17812668,1.32058319,0.5785359,1.81558841,0.36745665,0.50961494,0.33933278,-1.55042086,-1.25040997,-0.57477169,0.39264033,0.39843915,0.12569999,0.58685812,0.6364583,1
ss027,0.24926381,-0.13315726,-0.40133238,-0.51163449,-0.68023137,-0.56774639,-0.5467617,-0.85087559,-0.8953839,-1.93221498,-0.46649703,-0.25628542,-0.29632345,-0.33872819,-0.27974948,-0.57291201,-0.54585708,-0.30394539,-0.14707283,-0.17954675,-0.15571512,-0.35762262,-0.42512454,-0.25459326,-0.24517675,-0.46848673,-0.45522897,0.37403231,0.9220076,-0.69871362,-0.20419173,0.38112205,1.1370262,-0.67624214,-0.53080272,-0.56708524,-0.50783302,-0.37143393,-0.18429984,-0.31005675,-0.16105916,0.39795501,1.11126938,-0.80569524,-0.32988438,-0.4871418,1
ss037,0.7117744,-0.80160781,-0.50083401,-0.55797898,0.89883442,1.05270697,-0.65190822,0.88772924,1.08305341,-1.53842432,-0.48883987,-0.73704958,1.35363095,,-0.63048794,-0.55385509,0.76072354,1.07836572,0.45706075,1.41551512,1.7691316,,0.8454292,1.98669627,1.02085108,1.64648685,2.98915761,1.87843966,1.29528897,,1.64619723,-3.09806032,,0.75686929,0.65632911,0.64136119,1.67135187,1.24495247,2.74186447,2.88722651,1.20117729,-7.69888546,,,0.98194656,1.10938118,1
ss038,1.67161144,1.20211258,0.69256603,-0.51733826,0.69913732,1.14643986,-2.73066387,0.79026164,,1.75607529,,1.04835016,0.32137438,0.46107494,0.50454861,0.77825282,1.23635356,-0.84548744,0.86620446,-2.39192065,,1.74394131,1.07422257,-0.51662365,-0.94371675,,1.24246035,-4.46648744,,,3.10367764,1.80137361,,,-0.54647083,1.74136784,,,0.74908308,2.16869044,,6.40513002,,,0.84900122,0.98989332,1
ss039,0.24717957,-0.98575615,0.68629294,-0.68699987,0.42683033,0.66594364,0.92702361,0.47449817,-1.36268029,0.58309937,1.28901943,0.82274406,0.80000216,0.78695544,0.87625814,1.30463994,0.83196286,0.90944606,-0.47851338,0.62751826,-0.96778824,-0.82691244,-0.46494334,-0.85321311,0.36492452,-0.7641429,0.9134994,1.17499573,-0.3913903,1.65606354,1.01189137,-0.41168044,-0.89873556,-0.52835471,0.74589368,-0.68171073,-0.62440923,-0.56747176,0.66295098,-0.5005168,0.19874672,-1.11899355,0.43200193,0.68182675,-0.75819054,-0.83317276,1
ss040,-0.4303254,-0.52492137,-0.42001646,-1.503611,-1.16605889,,1.12980044,-4.21925842,1.1662587,0.41722346,0.68629866,-1.07870221,1.6554717,0.74839868,0.67994408,-1.08867686,0.46588607,-0.71892213,-0.87288689,0.59414597,-0.85049235,0.65937385,-1.67283647,0.86296393,2.46162768,1.14511487,-0.32817628,-1.68741541,-1.53263545,0.80161209,0.76611613,0.31461387,1.14788668,0.68884614,-1.10406606,,0.28905458,-0.46974339,-0.37885214,2.67380505,1.49929191,,-1.05252579,0.95785892,0.59789656,0.87602627,1
ss047,0.67377451,1.40272104,1.28434963,-1.08942461,1.17440796,0.56724008,-0.83299252,2.26734197,1.80982498,1.99021671,,1.44630406,1.17114126,1.09584751,0.68885808,1.21600489,2.19083601,1.06471851,1.75524936,,,2.33469219,4.76989695,,-1.00063815,1.69860141,2.93970515,1.45518983,0.9331077,2.90763934,1.80113285,1.181167,1.03179987,1.79045528,0.74210176,1.92756466,0.75414367,-1.98474777,-5.40726456,,-1.82107356,-0.72062624,0.47685374,1.3736339,-1.98660768,-2.04042404,1
ss056,0.90505233,-0.98539833,-1.37426265,-0.33424782,1.10015803,-0.96246988,-1.71783604,1.29117853,0.72978319,-1.48165681,-0.46677362,-0.80475263,-0.5466311,-0.6122736,-0.53806118,0.76934563,-0.77414839,0.2896852,-0.46538929,0.71108927,-0.6402226,-0.3211669,0.12826437,-0.31413588,-0.84269678,-0.93231352,-2.14758019,,,,-0.40430738,-0.92920772,1.32479657,1.4087824,-0.89874163,,,,-0.92151295,-1.08804114,-2.034991,,,,-0.82180686,-0.90331988,1
ss060,-0.83226794,-0.18277219,0.69177074,-0.50386172,1.02086258,0.98662865,-0.40145308,1.50754828,1.67337386,2.08396217,-0.36028888,0.93146049,0.44928002,1.06009842,-0.23952936,0.24763298,1.21431911,0.74997208,-0.6193959,1.2439765,-0.77230466,1.07260323,-0.39671723,-0.84309222,0.95104448,0.6910823,-1.377431,,,,,,,,,,,,,,-0.43638122,,,1.94520587,1.35578613,1.40709928,1
ss061,1.72223586,1.03512699,0.76210479,1.18934151,1.39747932,0.68197841,0.78463319,2.15520868,1.77024627,-1.15254852,0.91317346,1.24896641,0.52358515,1.04028297,-1.01237779,1.60371976,-1.66955642,-0.55813109,1.10250281,-0.78645467,-1.50909075,0.69290426,1.49253247,-0.72575059,0.19170023,0.734447,1.90199809,,,,2.61995577,2.43656096,3.54213478,,2.0880643,,,,2.12091157,7.5453351,,,,-3.25629232,1.45603136,1.54668095,1
ss073,0.78832336,-0.603829,4.0678611,,-0.95968852,-2.60742077,-0.48431753,-1.43463991,-6.75813397,,1.32464888,-0.92094321,-0.75790878,-0.6764204,,,,,,0.92941209,1.08728106,-0.43165955,0.94554588,0.94395466,0.84336356,1.63958785,,,,4.81043586,,1.12323678,1.7861856,0.51206297,0.87097169,,1.52803417,-0.35660584,1.72311612,1.20216247,0.56566247,2.78924613,1.64367455,-1.46008363,0.75780123,1.21093642,1
ss086,-1.02946254,-0.45419139,-0.98060459,-0.63009385,-0.50311847,0.97988711,-0.58394415,1.08332837,-0.446655,-0.63636712,-0.52613357,-0.56017639,-0.50831256,-0.89824891,-1.42008983,-0.64819388,-0.59088507,-0.81608576,-0.64358444,-0.33572368,-0.65871071,-0.51075579,0.28484134,-0.71365569,-0.60877633,-1.01319755,0.64499876,-0.87940249,-0.49812782,-0.74605633,-0.55339985,-0.63409127,-0.59684075,0.69771774,-0.5924321,0.54282473,-0.64239847,-1.00565963,-0.85031551,0.56877718,0.40126781,-0.85670039,-0.75208736,-2.59330716,-0.74644628,-0.83481313,1
ss089,-0.4042195,0.31026337,0.39899641,0.38764366,0.62448366,0.84963077,-0.2149807,-0.54438868,0.55408403,0.22486187,,-0.18623136,0.14323251,-0.2571934,0.43647946,0.55684844,-0.42108109,-0.26075728,0.31263789,0.45775255,-0.35240418,0.32779718,0.58733333,0.29061327,-0.2715871,-0.1799117,1.05107099,0.63051869,0.45574556,0.75693804,0.47416317,-0.36653579,0.38113135,-0.17224269,-0.30652916,0.35071798,-0.22502605,0.23002457,0.12091645,-0.32557281,-0.22956757,-1.28390586,-0.87113411,-0.83130459,-0.68592818,-0.72288349,1
ss091,1.33599414,,-1.41100998,1.09800805,1.52835533,0.78785154,0.42462577,1.03963468,,1.38123289,1.13303448,0.8647003,0.46360848,-1.20345011,-0.62955995,0.84882849,0.98086211,-0.64887019,0.88912835,0.92938551,0.70438757,0.37299251,0.5797878,1.47169788,-1.88679622,-1.83096042,1.47058306,0.67776367,-0.68209327,0.9045252,-0.48808659,-0.96188423,0.64419683,0.52861857,0.51948091,0.64891265,-2.06058141,-0.94145338,-1.36563713,-0.47961622,-0.91042519,1.11286578,0.5397339,-0.84229296,0.62007465,0.67817092,1
ss092,-0.32889398,0.73383384,0.62082614,-0.5838178,-0.79778319,-0.2850412,-0.71511635,-0.26902466,0.49050542,1.16129014,-0.68249155,-0.35048673,2.15771535,1.32028662,-0.31156002,1.36710693,1.14433658,0.43376645,-0.58973177,-0.69103815,-0.43920505,-0.64938331,-0.10143759,0.3757492,-0.45806141,0.15596976,0.70189131,-0.4933836,-0.45556353,1.31588048,0.64344661,0.83937272,0.95455286,0.37777831,-0.92028371,-1.05336391,-0.39075908,0.80813156,0.48354451,0.46452294,-0.58290918,-1.04962957,3.32904733,,,0.6143067,1
ss002,-0.50189588,0.19365413,-0.21281265,0.19809796,0.6874875,0.37711779,0.23460129,0.78644242,1.06509899,-0.38974009,-0.5605914,-0.37952559,0.16237755,-0.30333195,0.57892204,0.48712811,0.88943788,0.64456342,0.3852843,0.29688248,0.1630392,-0.19866316,-0.17196186,0.44669878,0.22147278,0.27772262,0.25802485,0.75046415,-1.97300298,-0.80983508,0.36148579,0.8820748,0.53133504,0.38586799,-0.29522659,-0.59447325,-0.31116931,0.52020731,0.48286538,0.81840834,0.73394799,1.39188161,0.49290938,0.81705429,1.19847775,1.29816756,1
ss004,1.74412707,-0.57229329,0.68078328,0.38861145,2.85497369,1.38477343,0.45436691,2.39519581,1.36151924,4.61793412,,0.64631024,1.0060306,0.48600197,1.44405841,1.10492884,1.79861283,0.46141358,-0.45682453,0.55482522,0.29076309,1.18343169,-0.22999608,0.96996963,-0.68995379,0.53326672,1.98459039,1.76441112,1.03100442,1.28057951,1.51366282,1.58930148,1.11813727,1.45475157,0.62575304,0.84018056,1.0484341,0.4104087,1.35284936,-0.66235752,-0.19065485,0.61062769,0.3680218,0.91002497,0.98414292,1.00573017,1
ss005,0.6911336,-0.79656558,-1.60754287,0.62084469,0.78857095,0.72402012,-0.42550007,1.05034618,,3.2420122,0.48163005,0.62526978,-2.24589972,,0.67556081,-0.69342878,1.18803929,0.69744289,0.75618557,0.96271647,-0.80748833,1.88123686,-0.40582578,-0.49156354,1.70850561,0.53813519,0.81488599,-1.01458739,-1.69808232,2.0423944,0.9830792,0.76447595,-0.4260562,-0.58659331,-0.29824687,0.68348193,0.62482003,-1.32956022,-0.61660803,-0.49400438,0.66331355,0.68008718,0.44621638,2.28653692,0.86653573,0.95638834,1
ss009,3.05270016,,-2.0518901,-0.73119523,0.99219074,1.1766,,,2.03941713,2.2480215,1.22436891,-5.99109628,,-0.99373969,,,2.3729306,1.04466558,1.31474944,-1.53176322,1.38711208,1.41874289,1.78288246,,,,2.55628393,1.92019914,2.08341182,1.65638568,0.994206,1.00243988,1.19257072,-1.02342292,,-3.24228688,1.13659523,1.14253409,1.70683483,3.45196958,1.36741684,0.79406164,1.74172116,4.86682698,,0.97203283,1
ss017,1.83621233,3.98153601,,0.83267474,-0.5244502,-0.86803629,,,1.64042806,1.1440423,-2.30187899,0.93468041,-1.81681824,,,,1.02376968,1.42630513,0.72402779,1.11169601,0.87771117,-0.92846243,0.54011105,0.68866632,,-5.42828866,,0.95384812,-1.04325007,1.90325263,1.24401992,1.24393885,1.11977399,1.69459237,,-1.37272754,0.38928949,3.29990077,2.11270442,8.07115303,,-0.81343974,-0.97769942,0.88888751,-0.47015162,-0.49583471,1
ss024,0.51546904,-0.86044126,0.72628098,0.82659819,1.07430106,0.97006234,1.32752237,1.24803499,1.65079216,1.10846475,1.02016838,0.93421699,0.72940001,0.83825488,0.66899551,1.53901713,0.70233314,0.29119962,-0.29688394,-0.30211669,0.3981078,0.96211065,0.63878786,0.60109133,1.11033145,0.333638,1.0967198,0.70855336,1.10187723,1.95279238,1.58361347,1.61578394,0.99304727,0.74621444,-0.96883331,0.94520459,0.65705152,0.37776501,-1.87397747,,,-1.133338,-1.34563204,-0.67831213,-0.45257443,-0.49917187,1
ss026,-1.31783381,1.66372851,2.79001425,-1.42658951,0.89382087,0.55022777,0.62609488,1.21151249,0.53746574,0.96697537,-1.24111372,-1.61319679,1.34657196,2.10030882,0.58714515,-0.38944723,0.68792517,-0.25776277,-0.6200108,-0.28640004,0.83947975,0.66891733,0.465274,0.56833737,2.24204553,3.76040629,,1.13199768,-0.70560901,-1.12560426,-1.20842021,-0.91188088,0.52722517,1.70028305,0.94336818,0.2361532,1.78151211,0.55240318,-0.50961071,2.11007133,,0.36036571,0.75352532,0.33581275,0.6186054,0.71615021,1
ss028,-1.24738933,-0.89494161,1.06133598,0.30367132,-0.84021054,-0.68096463,-0.52957439,-0.88127137,-1.65031689,2.40220628,-0.88846456,-1.7171542,-0.73116528,-0.30342613,0.64888331,-1.22534424,-1.08081015,1.02537067,0.27831527,-1.88040985,-0.32304125,-0.47669766,-0.55581248,-0.23700069,0.69386099,0.46036012,1.04503507,-0.64296242,1.95332176,1.0174338,0.61182947,1.74570923,0.93785989,-1.14376435,-0.71791301,0.52178906,0.19923236,-0.87639271,-1.08789293,1.16466826,-0.56860196,1.14555917,-1.10529929,-0.56411641,-1.00014994,-1.15588127,1
ss029,2.71109659,2.42066642,,0.48715735,1.41256273,1.54929428,-0.96360374,,,4.48433569,,-1.16091748,2.95160819,1.30606626,-0.70264124,0.97186708,1.96010446,0.99543034,-1.01982533,0.64777936,0.5949565,-1.15106636,-0.57724197,1.40796398,-1.34470516,-1.0669633,,2.91432183,4.72451936,-2.77313086,-2.05284954,0.98327938,1.31706387,-1.05221771,   ,-0.99210066,-1.86734346,-1.59501604,-0.76687163,-1.42786748,-0.94901134,-1.76612762,-4.20684324,,-0.7851795,-0.83101669,1
ss031,-1.83880803,1.90178159,1.19117876,0.84496923,2.08894857,1.34793958,1.06557967,1.38131492,2.44357254,2.68807865,-1.88704536,1.43062709,0.41092623,0.74667985,0.63881687,1.99839921,1.019023,0.85050188,0.63960266,0.68519053,0.71413073,-1.82930075,2.0793053,0.39474166,-0.60573475,-0.62242223,-3.06874453,-1.46731333,3.21585159,0.81665092,1.62589835,2.28137138,,1.38601036,1.03067226,0.86883129,1.97519699,1.89220977,0.82265965,1.58786548,1.83056035,,,-0.60775825,-0.96107237,-1.13365749,1
ss051,-1.35394337,2.14467202,-0.46246423,0.94576451,0.95008697,-0.7624174,1.35099614,-1.56942962,-1.86138892,-1.08899053,-1.48154489,-0.92951073,1.01901536,-1.08087263,-1.37551978,-1.77567039,1.44023003,0.82002487,-0.8101719,0.50707908,-0.42033833,1.17875069,-0.86465073,0.50846002,0.95083842,-1.78935888,1.99108674,-1.36015712,5.08881418,,0.87410643,-0.91945027,1.29437349,-1.38683704,1.62235203,1.54549311,1.16855249,-1.80116873,1.95564204,-3.21516245,,0.8233075,4.86771207,,2.11123856,2.52574945,1
ss064,2.35362096,-1.0280994,1.50493771,0.55482943,1.1477944,0.63796938,-0.56438567,1.39298319,1.42925539,0.69590603,0.48039377,-1.08223104,1.95893304,2.27738814,0.37659301,-0.36700091,1.05526271,,0.17859065,0.59200839,-0.47007646,-0.39144625,0.37933872,-0.23901478,-0.93445615,0.8930314,1.10354247,-0.71835117,0.6782121,0.29264113,-0.75075963,0.59824521,0.98524279,0.71036606,-0.67226287,-0.55712857,0.66105272,0.58381319,0.47924562,1.28788014,0.35335357,1.1166673,1.17025987,1.83594872,,1.50091454,1
ss066,0.90835473,-0.90419258,-1.13863912,0.33933352,1.22093109,0.91662436,-0.79859315,1.53570135,1.30371199,1.85202141,,-0.50535881,0.53549889,0.3947112,1.02084549,0.80435741,0.71724716,0.73809864,0.42091889,1.22367946,0.46952378,0.57177253,1.42194693,0.61012317,0.3713896,-1.36018196,1.16590663,1.66171572,1.78544833,0.8668566,0.9031015,1.02285962,1.41460265,1.2667825,0.58406714,1.38522024,0.7151314,1.02021859,0.92896749,0.32480256,0.29244826,-0.90164728,-0.62485665,-0.48825033,0.51170822,0.57409378,1
ss067,-1.3059037,-0.63213765,-0.92674634,-0.88069866,-1.27874664,-2.63657033,-0.61072279,-1.48372029,-2.50709118,-3.7001153,1.13861072,-1.47703889,-1.15366801,0.43706132,-1.58805393,-1.5893631,-1.58448163,-1.41384338,0.88675281,1.43518945,0.26758794,-0.77262433,-0.59655745,-1.53199002,-1.56188146,-2.10034091,-2.26875099,-1.55514007,-2.40401391,0.95974907,1.36958225,1.82577029,-0.83425732,-1.84510353,0.70375322,-0.86640581,-0.42394503,-1.81130434,-3.62922336,-0.49297858,-1.93829123,-1.33328586,-1.39699982,-5.83683862,,-2.23761719,1
ss069,-0.41133208,0.79108004,0.85237949,0.70406899,1.17428986,-0.90440182,1.76533302,1.71077135,,5.66178077,,0.74433151,-0.95528569,0.46423964,0.72237057,0.34725743,1.63479851,0.8037292,0.2580383,2.76424627,,,0.84962184,-0.90622334,-1.11667274,-4.9205561,,0.44684385,1.05430197,1.65778783,0.49138339,0.72119678,1.08030437,0.29361532,0.48372872,0.76667248,0.52580896,1.07978837,-2.64534189,-1.04405266,-0.53612001,0.2718692,-0.35353663,-1.20725069,0.62762411,0.73648321,1
ss071,0.1673085,-0.42968923,-0.39353825,-0.51158175,-0.21633103,-0.41591161,-0.42340225,0.17592222,-0.31761997,-1.10085335,-0.30822402,-0.45783417,-0.35217518,-0.3399481,-0.24295132,-0.31658719,0.25238125,0.34806204,-0.21842621,-0.2372213,-0.22540148,-0.2969138,-0.4005946,-0.4122127,-0.67939494,-0.46362247,-0.66024737,-0.25551695,-0.57808734,-0.7295805,-0.33300975,-0.35253394,-0.33571133,-0.61631327,-0.39202117,-0.32778467,-0.38456313,-0.35546421,-0.22744659,-0.65177763,-0.36948265,0.61023529,0.43487023,-0.65097059,0.26900353,0.35112903,1
ss074,0.75376622,-0.33950086,0.65768913,-0.63943192,-0.65945456,-1.04400686,-0.87994288,-1.41458257,-1.11346818,1.91860989,-1.32021619,-1.13861795,1.8119007,,-1.53104314,0.6207161,-0.97701125,,,0.61226402,-0.34496095,1.1529979,-1.16940373,-1.74302429,5.14878337,-7.10811331,1.38773211,1.44958212,-1.88546272,0.90645901,-0.56922999,-0.47981241,1.41351819,-0.91841122,-2.10904286,-1.37934258,-1.06989422,1.95187482,-0.65172948,-1.42357451,-0.50546002,-2.03367547,2.12404386,-1.73636999,,,1
ss075,-0.81682557,-0.64899494,-1.60298332,-2.18569464,-2.72234107,-1.2345975,0.72244845,-3.02945052,-2.54222067,-4.28775996,-0.56190672,-1.30259751,-1.11830939,-1.39124835,1.17175094,-1.84135922,1.53889036,1.20715644,-0.46592182,-0.65222894,-0.89941814,0.51150513,-0.84483898,-0.82960627,-2.49984211,-3.6115134,,-1.61332302,-2.89614245,-0.66478654,1.07026121,1.16111024,2.57998249,1.07361359,-0.61700469,-1.21201347,-1.33401863,0.81810815,,,,,,-2.93307324,0.78935439,0.90633708,1
ss077,0.88650987,-1.20450228,,-0.51719831,-0.67392818,-0.86935896,-0.65785384,-1.00826081,-0.29816392,-0.40132861,1.83643441,0.68029332,-0.76368353,0.80235509,1.25921156,0.72522191,-0.92983772,-1.1322454,0.38537195,0.58112127,-0.44759083,1.26298353,0.86635112,1.09023178,0.90678513,-1.26051508,,0.50979805,1.96854905,,0.70762696,0.47688552,0.69836986,-1.23015632,-0.79008336,-0.60919684,0.52413045,0.68818227,3.02632215,,,,1.36942374,-0.88902582,-0.40310475,-0.42547294,1
ss083,0.4772402,-0.51988158,-1.0852194,-0.57010113,-0.42733542,-0.40033882,-0.83901189,1.26685135,-0.67989019,0.74042599,-0.57269325,-1.65800626,-1.49086422,-1.93522699,-0.31713755,-0.22871787,-0.52642426,-0.51341793,-0.33619585,0.92636696,0.2861867,-0.73560828,-0.51930907,-0.82934213,-1.78275737,,0.33299641,0.4958764,1.04563501,-0.51824431,0.45904778,-0.5143751,0.78476031,-0.72436959,-0.52610451,-0.84852902,-0.86572442,-1.10577593,-0.30142171,-1.63278297,-0.69215754,0.65857118,-0.7343823,-0.97072939,-0.96211907,-1.1148055,1
ss088,1.03775775,-0.67054948,-0.80206446,-1.2945351,1.22901203,1.53263255,2.31249281,-1.07916429,0.70822447,0.78551426,-1.38180671,-1.00192283,-1.74209712,-1.05004219,-0.72750175,-0.55844084,-0.85471921,-0.69931606,-0.66361512,-0.71753526,-1.10753584,-1.4620012,-2.1823963,-1.52496715,-1.21464384,-1.29953536,0.98724876,1.033609,-0.62054488,-0.93912697,-0.84782915,-0.7345552,-0.72090358,-1.38126137,-1.14341195,-0.9021416,1.31031447,-0.94122788,-1.17230548,-0.58196441,0.95916658,-1.05720573,-1.20552966,-1.25493685,-0.70059426,-0.7968444,1
ss015,2.17393756,0.4491197,-1.08792132,-1.34515911,1.97323112,-0.83148403,-1.93141859,1.62715274,0.79051897,-0.68311874,-0.2747275,-0.26138109,-0.76790454,-0.38448074,,,,,,0.62570834,-0.30497632,-0.48934486,0.53711524,0.4978412,0.40225368,-0.36819061,1.2866113,1.15531231,1.82169283,0.29764475,0.65658005,-0.9844303,1.46206062,,,0.50972541,0.45227595,,,-1.11899653,-0.69786845,-0.56558142,2.83348987,-5.47409231,,,1
ss016,0.84347084,-1.69887523,-3.63349934,0.53760211,0.72028519,0.28797238,-0.45948262,2.3422006,1.66220347,1.15239264,-0.77005739,-0.84001266,0.45882912,-0.90330366,0.71708306,0.62612469,0.72988558,-0.37624596,-0.65032006,-0.446039,-0.30516376,-0.35674195,0.54660141,-0.61095925,-0.74572349,-1.01731666,,-1.23987329,0.90324286,-0.59836559,-1.45015502,-1.49720446,0.75150384,-0.77496333,-0.9255997,-0.94659406,-0.9804404,-1.08917768,-0.73891597,,-0.78366782,1.03533941,-1.06633087,2.61620289,0.79545854,0.89319881,1
ss020,0.67362381,0.62434215,0.57240251,0.29428952,0.78010286,0.46096282,0.35900693,1.0143397,1.2210765,0.7014387,0.42770989,0.53688653,-0.38627052,0.37543081,0.95180762,0.88216773,1.04437183,0.76412089,0.48189904,0.39421962,0.37373712,0.65099175,0.47332807,0.46985177,0.53835066,-0.90400962,1.29148591,0.72126335,0.65287847,0.6419893,0.65048679,1.04362627,1.47476943,0.90539131,0.90638825,0.60878726,-0.35065598,0.80476825,-1.81194324,1.36904705,-0.68919962,0.8400891,0.48750855,0.53742274,0.8594478,0.96797191,1
ss021,0.75009854,0.80384049,1.45283585,0.36060311,0.49971717,0.62158612,0.26070593,3.80965584,1.21602059,5.44645563,-1.11894716,0.6194318,-0.97856256,0.73350919,2.77186918,,3.72092728,,,-0.48723655,0.3875337,-0.64017687,0.65317641,-0.37937935,-0.71180988,-2.54864943,2.00871961,1.00075742,1.31227353,1.33896169,0.70145282,0.81044863,2.55340079,1.95478233,-1.15447141,0.51630741,-0.44852772,-4.46060378,-0.71171817,-2.67774448,-0.39510326,0.72937666,2.2558565,3.15760808,0.61629479,0.70896014,1
ss023,-1.94616543,1.63407584,1.43165959,-2.33019623,2.73358447,,2.02831243,,,-2.26704415,-1.0886958,-1.13402319,-1.38157989,-0.761735,-1.85761235,1.68666794,,-1.60786152,0.90085127,-1.26744323,-1.29758092,-0.77034006,1.08589332,0.98110231,1.29186876,-1.54845647,,,1.75099257,,1.92607015,1.83275204,,-2.05549951,4.34167034,,,-1.91872824,2.08349991,-4.2450042,-5.06116894,1.51036474,3.3701587,-2.23550958,2.19414358,2.32532034,1
ss030,,-1.2932738,-2.02409476,-1.13545382,0.68185524,-0.53003385,0.34748351,1.09921065,0.820076,1.77541189,-1.92266729,-1.51577778,-0.96556298,-1.59756518,-0.51358428,0.35623857,-0.55698687,-0.60614893,-1.23960321,-1.37279616,-1.07031495,-0.88592197,-1.49975051,-0.81028412,-0.46073613,-1.28775186,0.80143481,0.92701629,0.67184742,-0.69217072,-0.66010482,-0.95035044,0.30011332,-0.77314098,0.61626003,-1.24405461,-1.02490929,-0.34673391,-1.68566287,-1.1654646,-0.35823096,-1.2493613,-0.8398834,-0.18844104,-1.17662889,-1.20411654,1
ss036,1.22993533,0.9775477,0.82955345,0.44984495,1.17839173,-1.1650216,-1.14345519,0.93534348,0.85007457,-0.85200956,-0.58512549,0.89258144,0.50078873,0.4156798,1.60750769,1.63749178,0.37985273,1.30934309,0.55888101,1.04780868,0.7357449,0.46764713,0.76824734,0.69622311,0.3946392,-0.40935005,0.28254642,0.58049188,-1.21813113,-1.18410608,-0.58841004,0.74512872,1.19378856,0.97460583,1.40013166,1.61089377,-0.61804046,1.31907773,0.88829926,0.7973729,0.81545138,0.41036028,-1.2530273,-0.79529507,-0.30498741,0.62919471,1
ss041,0.20170116,1.19404273,,0.35059546,0.39451372,-0.19978024,0.50994514,0.69815379,0.88140478,0.61176073,0.55630669,-0.45010085,0.34318383,0.45276353,0.55498376,0.69097771,0.86346217,0.50061532,0.61570727,0.45123242,0.26858176,0.33978867,0.78169887,0.58522631,0.41245587,0.61996895,0.53588697,0.38317351,1.05713097,,0.76995471,1.40187706,,0.59229817,0.30793475,-0.29571504,-0.19654601,0.46042753,0.42578996,0.20722226,0.34374498,1.04030085,,0.43954811,0.49247862,0.61428307,1
ss044,1.01581258,-1.06582927,0.36313152,0.40849269,0.76871026,0.50091136,-0.43295346,1.25346387,0.76033574,0.80211005,-0.29038773,1.00281446,-0.47667055,-0.33539199,0.45109047,0.52170655,1.53276237,0.89596652,0.31888874,0.488156,0.59887015,-0.46567137,0.44697288,-0.24001444,0.44171347,-0.32762239,0.90274958,1.09220882,1.67598449,0.79257832,0.92729656,0.44567798,1.13185485,0.98707119,-0.19684278,0.48287918,0.37497113,-1.98152678,-1.56981723,-1.06397383,-0.21656508,0.81241136,1.24169187,2.08353828,,0.89170114,1
ss062,3.08871731,,1.0273239,0.46043851,1.1563635,0.66379609,-0.53619314,2.15868566,,-2.18524183,0.66821139,1.09233761,0.51122288,0.64759698,-0.73727418,0.76935424,1.1065471,0.64835897,1.01009419,0.7058253,0.35602793,0.83207038,0.73622972,0.62174376,0.61315529,-0.50566539,1.50088719,1.66704785,,,1.13876769,1.81366833,2.05294599,2.62793877,1.16005198,1.31488813,,,1.1461155,-0.41683367,-0.26252084,,,1.09209554,0.84788113,1.00428555,1
ss063,-1.84000395,,0.36463377,-0.47106275,-0.55011728,0.54945343,-0.32107175,0.45405256,-0.4597992,-0.31404567,-0.17196766,0.52289085,-0.18647981,-0.3610547,0.69822652,0.56783823,-0.32185189,0.64429246,0.5143492,-0.50098878,0.3905092,-0.95455999,-1.24555471,-0.23555827,0.1219607,-0.1761791,0.92009826,2.64874252,,,0.43638955,0.39552461,0.33901148,-0.64457539,,1.4972754,,,,0.3756284,-0.21831958,,,-1.21242488,-0.40213785,-0.41433543,1
ss065,,,1.11222874,0.91866795,1.77080454,1.66088612,1.11118345,2.36028139,,2.64587085,1.81574125,1.82464442,1.41443471,1.36326143,1.64067931,2.20867313,1.70309197,1.36167016,1.1696761,0.66130522,1.24203352,1.46664847,0.87131897,0.91505183,1.31871863,,,2.33872988,,,1.40741614,1.05766128,2.4299892,1.80373871,0.9174813,1.37854494,1.20034258,1.03221152,0.95425678,0.69411715,-1.43667951,0.6135008,0.75932557,1.96715056,0.57152896,0.67253002,1
ss068,0.38650052,0.13434361,-0.24926986,0.57031905,1.15278858,0.99879502,0.30438118,0.21675766,0.74160762,0.1542011,-0.31401658,0.27710355,0.51162794,-0.30868669,-0.13630756,0.32973271,-0.1331118,-0.11941883,0.30975789,-0.47150762,0.43084364,0.83066387,1.0584714,1.19741292,0.78500656,-0.24545981,0.97721835,0.65947586,0.91397792,0.53578187,0.72049134,0.7041379,2.33541434,0.22711986,0.51474884,0.75361199,0.64457535,0.67659591,0.36580866,0.22827068,0.18652378,0.63806714,1.09349192,-0.42238093,-0.33378868,-0.37551388,1
ss070,1.28731265,-0.83174591,0.45471398,-0.33497965,0.39904108,2.01636918,0.53431229,-2.98793507,,2.00361991,,-1.02840913,-0.52978923,,0.96990505,-0.82368685,-1.34244866,-1.36328668,-0.64422909,3.13671325,,-0.72033159,0.55803759,0.40394907,0.63465636,-1.78598821,1.48950601,0.69026763,,2.07677982,-0.84761349,-0.55070354,1.1776919,,-0.2720232,2.03979149,0.86347353,0.50300851,-0.68003613,,,1.13697275,0.97686758,,,-0.76817598,1
ss076,-1.96379584,0.79178361,-0.38033209,-0.61843851,-0.52083081,-0.91384409,-0.30844147,0.77905723,1.37109721,-1.1731922,,,,,,0.8701922,1.45093183,0.997529,1.0366332,0.47462666,0.61262111,1.27668736,0.76751987,0.88743989,-1.57793495,1.37747957,1.88194158,0.49272198,1.09416021,1.35350051,0.5324093,0.40446467,1.01451687,0.84803288,-0.78313866,0.67744143,0.80249601,1.44481864,0.81865552,0.79188691,0.70858253,0.62702268,-0.8558109,-0.84702687,-1.05557843,-1.21630285,1
ss093,1.1638412,-0.72041968,-0.25051809,1.36322926,1.72171784,1.63936333,1.20662153,1.09262218,1.02405846,0.97157866,-0.78737569,-0.46741496,0.46371757,-0.99680077,0.66332617,1.58253589,0.89688533,0.80911282,0.34351628,0.52880956,0.49817764,0.71631693,0.79755159,0.44893464,0.58545671,0.70757217,0.93753318,1.87072858,1.09943032,1.70683789,1.11769045,0.84312346,0.93633331,1.48220951,1.94432725,2.19737124,1.20629962,0.84778027,1.30387382,0.59463672,-0.5756719,0.671073,-0.46238397,-0.55873415,0.64443107,0.91676855,1
ss095,0.81357731,0.71345842,-1.34458732,1.23352178,0.58912711,0.28053746,-0.68733208,-0.78020563,1.07749968,-0.4748987,-0.7454159,-0.81625878,-0.77416424,-0.65842938,0.2936348,0.71427339,0.45155283,0.23872453,1.90512267,-8.26143404,,,,,-0.70054748,-1.14248008,-3.20880164,-1.97016976,2.55109311,0.54845726,0.63246278,0.89794604,0.9229241,-0.74430581,-0.49997261,-0.69209692,-0.23549414,0.51801252,-0.26370741,-0.74336532,-0.84847697,0.7412986,-1.2545514,,,-0.8056485,1
ss096,-0.96109572,-0.83380236,,0.93505855,0.98448862,1.08131868,-0.58500029,-0.86440133,1.15368483,1.246567,-1.41365613,-1.43413251,-0.84796036,,,1.30424135,1.45390665,0.71118415,0.32197809,3.00375358,0.38320408,-0.86215288,-0.83447976,-0.68656229,-1.64781227,,,-1.57449154,,-0.48895034,-0.81093844,0.40086629,-0.61396245,0.69374329,0.50721657,0.85903028,0.78899438,1.1618286,,,1.59386292,,0.52723509,0.72555746,1.0828545,1.16355458,1
ss098,0.25105527,-0.42860823,1.26159037,0.31089937,0.45181289,-0.06235112,-0.40879593,0.43521342,0.20464668,-1.36935532,-0.4615527,-0.97400379,-0.47647077,1.82236479,0.86677205,0.29997499,0.41165768,0.21992806,0.19980752,0.90541073,0.37108366,0.30146874,-0.3153394,-0.99953035,0.32518928,3.24435656,0.60104385,0.73971001,0.44332152,0.38726897,0.61604658,0.95398393,0.39020397,-0.21135309,0.77879002,-0.43965255,-0.18261172,0.73121102,0.51173728,1.49317188,,0.49832208,-0.21532836,-0.36109576,-0.29722359,-0.33954575,1
ss001,-0.40498011,1.59466709,,0.38971575,-0.66709673,-0.405144,,,-0.28306321,0.84190302,0.55930394,0.6116859,-1.0616052,-1.04895465,1.82671271,1.11135656,1.2659276,1.41271283,0.28294306,0.27688873,-0.34171337,-0.40633094,0.87348947,,,-0.597482,-0.56397624,-0.72679979,-0.55224793,0.57206372,1.1119411,1.37616615,0.61975147,1.36430482,0.30112605,0.62247566,-1.86795355,   NaN,,-0.58165672,-2.72722558,,0.61920192,1.60764611,0.58266488,0.62676748,-1
ss008,1.08495975,-1.26539953,-0.41107784,-1.14542933,-1.74289465,-1.31813426,-1.32134262,0.65641892,-0.76568943,-0.8047805,-0.97621186,-0.99185533,-1.68466139,-0.95486294,-0.55881421,-0.94650348,-1.2667409,-0.57904636,-0.77300579,-0.80647309,-0.74481038,-1.17208836,-0.86673968,-0.76627539,-0.53519929,-1.04720796,,1.61453616,,-1.18178282,-0.96865675,-0.60551204,-1.15337484,-0.57878645,0.90644018,-0.50049882,-0.96215213,-0.6580361,0.65684011,2.53276131,   NaN,-1.4515392,-1.10142794,-0.68219386,-0.70336832,-0.8085222,-1
ss011,1.29127744,,-3.18777146,,1.34246191,1.08959879,,,-1.28918543,0.65514022,-0.72211448,1.26489538,-1.9350633,,,-2.33622426,-1.64793227,-0.8456407,0.5722348,0.59572453,-0.64804538,-0.41033383,-1.29801424,,,0.76115089,-1.32508319,1.157098,1.506519,-2.35537525,1.40833447,1.54604242,1.81027749,0.5530464,-0.77470938,-2.64088322,,,,,1.81629807,2.39722556,-1.25838959,1.09279962,-0.58191441,-0.66381482,-1
ss014,0.71899457,0.10626415,0.15936082,0.11643564,0.35601209,0.07520789,,,-0.20242445,0.40964257,0.28845545,0.08200073,0.08162281,0.20014444,,,0.26467661,0.30852437,0.11796308,0.35332614,0.14413409,0.2038895,0.2984891,,,0.20939629,0.15913457,0.21778897,-0.32917839,-0.46383989,0.26998414,0.27206394,0.26188965,0.11594863,0.18566314,-0.14613865,0.22617835,0.11749317,0.2013763,0.18915355,0.24813325,0.31434346,0.35820179,0.62637064,0.20063591,0.24037311,-1
ss018,-0.83652045,-0.4197887,-0.18758176,-0.91072015,0.72558623,1.42371272,,,,0.74379999,0.16512078,0.13418145,0.21313116,0.26169276,,,1.69621676,0.76883446,0.70025988,0.41370759,0.34670212,-0.66241298,0.6236977,,,-0.13661522,-0.99005918,-0.80976942,-0.91632222,0.95582849,1.04278174,1.03799495,-0.83282941,0.40058651,0.41027634,-0.53149277,0.38575958,0.60378942,0.47125917,5.57451704,1.06424756,-0.94300534,-0.78247357,0.57838349,-0.57752476,-0.78203848,-1
ss025,2.84326008,-0.61855081,0.61107031,0.29982959,-0.69277603,-0.28638278,-0.54612096,1.77682897,0.40427987,0.48757708,-0.62102932,0.35030365,-0.37384063,0.28698108,0.47881724,0.52017571,0.16943847,0.51390802,0.47549271,-0.51380117,-0.21537626,-0.76540748,-0.59970096,-0.92771758,-0.27532628,0.14178339,0.54333103,0.70135521,0.26912988,-0.27516766,0.35473107,0.59045126,0.48630519,0.45937104,0.99856353,-0.30747733,-0.26337323,0.25861729,-1.03889459,-0.91249345,-0.50770119,0.19042644,0.30565043,0.20638231,0.49424517,0.55444567,-1
ss027,0.37348008,-0.17949473,-0.21246469,-0.18312212,-0.78041487,-0.5565502,-0.69718557,-1.0839525,-1.28552985,-1.69030984,-0.30284494,0.22691714,0.10177092,0.20173753,0.19513912,-0.36370572,-0.65200334,0.36085414,0.16411719,-0.17809689,0.22519674,0.22872725,0.26696599,0.16012346,0.14793376,-0.37578594,0.32138619,0.23815864,0.62661169,-0.49422777,0.18369811,0.36778779,0.90238887,-0.31795786,-0.25726084,-0.50901082,-0.50160086,0.52730264,-0.35793468,-0.5039542,-0.25306435,0.47027696,0.57829767,-0.91583164,0.42194949,0.49176189,-1
ss037,0.85995472,2.04439533,-0.90955752,0.60865042,-2.28119928,1.21340195,-0.72554966,-1.11585913,-1.24112132,1.61114037,0.54797005,0.8872014,2.49083023,,-0.72833249,-0.66774976,-0.94619524,-0.7155775,-0.52744565,-2.45098327,-2.26642073,,-1.77096618,-2.99831368,0.85521281,0.94113364,1.33148117,1.09093098,-2.74883912,,1.14613438,1.4417226,,0.86035287,1.04720487,0.74193347,1.62346916,-1.82126891,1.97067425,1.58038689,2.07048108,7.00629085,,,0.30697905,0.4207141,-1
ss038,-0.7807232,1.24244312,0.86714283,-1.28805186,-0.80561492,-1.28314934,-2.74287429,-1.10854147,,1.04996383,,0.28477014,0.34432516,-0.72383338,0.31595344,-0.81530199,-0.60317773,-1.41465167,0.73492854,-1.54513099,,0.98949451,1.11685787,0.58795289,-1.13871601,,0.88805136,1.61612723,,,0.48105358,4.74561837,,,1.04262427,1.44727714,,,0.80442533,1.62878373,   NaN,7.19515872,,,-0.50512838,-0.6163594,-1
ss039,0.55609693,0.47265902,0.55368546,0.85173085,-0.52960581,0.53211246,0.63291451,1.04923944,1.39648153,1.09932006,1.34292722,0.90747592,1.27625398,0.80173199,-0.81124237,0.51395703,0.54537426,0.75556449,-0.46671124,0.98465418,-0.65719629,-0.26141742,0.72358144,-1.39155177,-0.29683721,-0.54763365,0.71069002,1.15833428,0.92109842,0.8628756,0.99309543,1.25570426,-0.67080107,0.86856241,-0.48727127,0.38759279,0.62675593,0.35547885,-0.45694045,-0.8026015,0.37833979,-1.21772586,-1.07323919,1.11175389,0.95157775,1.06679771,-1
ss040,1.69863006,1.86621551,0.3376751,-1.24430429,0.87898536,,-1.80928836,-2.12338688,0.52699402,-0.51203227,1.31828787,0.99356776,0.69685747,0.79806187,0.35756057,-0.48591478,-0.49041691,-0.36359948,-0.24951192,0.36022256,0.30506931,-1.12189855,1.40675106,-0.54935113,0.9533493,0.549648,0.51406159,-1.36597609,-1.51786872,1.18170895,0.92381315,1.32485355,0.87875364,0.69878256,1.27688811,,1.01868416,0.60945175,0.87997505,2.55038616,-1.72245385,,2.37584139,-1.15884494,1.32752127,-1.66650027,-1
ss047,0.90072613,0.91078155,1.33767681,-0.68861826,-1.45166698,-0.42563881,-0.68473037,2.2763183,-1.51345299,2.42756273,,1.45264538,1.98096137,0.59997932,1.65009668,-0.97584828,0.74454471,-1.07789529,1.25436385,3.66038469,,1.92130064,2.49809191,,-0.72719969,2.12460522,2.69969684,2.21853872,1.41945724,2.14356801,1.20196632,1.12755782,1.03263239,1.59460267,-1.17643497,1.05628586,0.58261624,1.05586097,-2.54040751,,-1.5075675,1.44344751,1.34739029,2.48320711,-1.71619052,-2.33339242,-1
ss056,0.65952707,-0.83006,-0.548861,-0.41416343,-0.75590215,0.71339099,0.93494432,-1.07407944,-1.02510286,-1.42572795,-0.59592369,0.91352649,-0.62945161,-0.51827972,-0.41679419,-0.52557824,-0.88843471,-0.46931907,-0.41080904,-0.52501549,-0.40128988,-0.65766879,-0.60259008,-0.69531912,-0.5190063,-0.79811709,-2.76374504,,,,-0.80732526,-0.28232002,-1.59816025,1.82773745,-1.05614187,,,,0.96816928,1.09079468,-0.64949433,,,,-0.69270591,-0.83405994,-1
ss060,-0.56017571,-0.70000276,-0.26743842,-0.55069472,0.49007655,0.35714765,-0.63967168,-0.79547762,1.19219871,1.2950727,-0.62693081,-0.2473271,-0.66144797,-0.42880189,-0.66619694,-0.20680434,0.44683982,-0.65208708,-0.5698909,-0.76162603,-0.45826528,0.34063587,-0.54394743,-0.41987277,0.42391101,-0.66556579,-2.20346282,,,,,,,,,,,,,,-0.30624679,,,1.03319513,0.74083655,0.9322572,-1
ss061,1.11778439,0.32900177,0.4538721,0.51847377,-0.72104429,-1.15252634,-1.12085865,0.86139981,-1.67212706,-4.64501473,0.47244049,0.8065525,-0.51964797,1.05138506,-2.47744,1.45133005,-3.29894854,-1.03100829,-0.97508652,0.68246987,-2.88517838,-0.33441482,-2.43377622,-0.82626637,0.30864359,0.95915898,1.20423035,,,,1.38973469,1.47747398,1.81656061,,1.75060871,,,,1.80434477,,,,,-2.53111443,-1.45686919,-1.81286179,-1
ss073,0.38000902,-0.47747895,-4.17867215,,0.88708722,1.06391517,-0.36371888,1.06719706,1.29264747,,-1.39958219,-0.38106425,-0.59368117,-0.2650061,,,,,,-1.13616343,-1.07233399,1.13224101,-1.15347978,-1.14024143,-0.87616244,-4.31999743,,,,4.17924429,,-0.49813206,0.97168514,0.78295065,-3.13277283,,-2.44735892,0.27725354,-0.84191683,-0.83998086,-1.08491385,-1.46388018,0.77703512,-1.0726835,-0.77943909,-0.88600387,-1
ss086,1.33212283,-0.32453989,0.47026727,0.32576184,0.31710055,0.90614198,-0.50820058,0.97486557,0.52481964,-1.7399855,-0.30770685,0.24941324,0.34767582,0.68930476,-0.60530035,0.70148866,-0.31191778,0.71852321,-0.31228054,-0.26839594,0.64093394,0.52576067,0.44617114,-0.58649245,-0.65584754,0.59449157,0.37452244,0.47425589,0.68728643,-0.34822515,0.33835279,0.41730191,0.57587152,0.2591586,-0.39013705,0.17085015,-0.24392738,-0.60408242,0.20569551,0.19857122,-0.32062704,0.52714431,-0.48523203,-1.83093956,-0.41356493,-0.48646596,-1
ss089,-0.32295858,0.27955224,0.64031899,-0.33789952,0.63646396,0.46790599,0.24244398,0.72657439,0.66084512,1.13253489,,-0.25441029,-0.32062617,-0.59213368,0.91204958,0.68922185,-0.54298384,0.60171234,0.43484623,0.70547459,-0.27750451,-0.16374978,0.3176884,0.22779905,0.20059221,-0.36449885,0.41574387,0.8114851,-0.5177321,0.67896952,0.78122175,0.75336523,-0.45620051,0.21443213,-0.13423877,0.26551721,0.17961342,0.49651048,0.32020718,0.21602998,0.21329841,0.75447961,-0.46042449,0.62099306,0.83324024,0.85784072,-1
ss091,-1.9690578,,0.90517304,-0.67037673,0.64910799,-0.42281931,-0.47854497,-2.02686042,,1.05649682,-0.666407,0.80376721,0.43433559,0.85978835,0.70599243,-0.33346472,0.41508327,0.53410878,1.24583644,1.08902723,-0.39088383,0.38711181,0.94015414,-0.84857092,2.45014292,0.92837955,0.76976244,0.61781568,1.56700099,0.70834874,0.7039262,0.87620137,1.59582055,0.42464635,0.4316466,-0.16459769,1.87169041,1.25615984,1.10966178,0.56519244,1.51583652,0.46058923,1.59670014,1.86348899,0.74629278,0.81373999,-1
ss092,-0.71711957,-0.68103428,0.40172145,-1.0491843,-0.42857278,-0.20657431,-0.63555283,0.55732103,-0.31531907,-1.60828268,-1.10168255,-0.4936201,1.22188129,1.34773248,-0.27245964,0.68420351,-1.33363891,-0.88785722,-0.41163917,-0.65666984,0.19308623,-0.69920491,-0.35677611,-0.26663232,-0.57439956,-0.19930722,0.84248853,0.37780955,0.50495027,0.9878106,0.62139293,0.86619064,0.76574731,-0.28913101,-0.95107304,-1.21520288,-0.55473648,-0.36162858,-0.20089561,0.28936751,0.31957859,-0.64896741,2.41807337,,,-0.98508225,-1
ss002,-0.74560256,0.54734406,0.56868555,-0.49757987,-0.98815248,0.71072461,-0.65283503,1.7418033,1.38064876,-0.63029206,0.77224724,1.09812309,0.56152319,0.8000113,0.61466779,0.61507196,0.50634454,0.9713169,-0.4283514,0.44322678,0.3032651,0.59190107,0.70760991,0.48067004,0.98666269,0.82269233,1.19451262,-0.8221163,3.72306792,1.71167212,1.18635342,1.5382811,1.15174578,-1.26891466,-0.57432937,1.25015461,-0.77910289,-1.70982264,1.0517295,0.66315845,-1.48459364,2.01379241,1.09130737,-0.41443944,0.97920575,1.11968519,-1
ss004,2.10014252,-0.8818849,-0.57748297,0.28735233,-1.11421635,-0.95244935,-1.04383438,1.17006246,1.20684795,3.54720882,,-0.69672825,-0.82722376,-0.66270412,0.39165154,-0.51081517,1.26828449,0.62389745,-0.45098425,0.38241694,-0.37530299,-0.83555645,-0.46857274,-0.97523695,-0.87692969,-0.63364165,-1.52730115,-2.28905212,-0.57233115,-0.8215262,0.93682857,1.36577277,-0.26004005,0.44478708,-0.97426803,-1.22134983,-1.4734196,-0.53660177,-0.37995478,-0.9731503,-0.56524468,-0.42808087,-0.56695499,0.45356169,-0.27025916,-0.45343551,-1
ss005,0.83759486,0.91506512,0.37474537,1.18914806,0.71767822,-0.79633632,0.50004814,-1.21016879,,-1.8753548,-0.72425842,0.39025999,2.23497888,,0.70102616,-0.4564789,0.93967583,0.77910429,0.5796578,0.96636711,0.57197002,1.16640765,0.88365331,-1.07756234,-0.79933322,-0.71215662,-0.58067877,0.96687184,-1.51956981,0.78945974,0.61452468,0.78996484,-0.54139704,-0.75648103,-0.73016604,-1.32401486,-1.08675916,-2.52386316,-0.49909357,-1.28815051,-0.39059911,0.59843599,0.64796596,-2.07180469,1.36124444,1.36308562,-1
ss009,1.00290858,,-0.89567722,-1.54900339,-1.5237215,-0.48959452,,,-0.41724533,-1.98728992,1.20745234,-0.84271438,2.96907738,0.55844517,,,-2.82519814,-1.69065238,-1.0130436,-2.08987689,-1.06234023,-1.00785859,-2.23878458,,,,-1.76428678,-2.05167249,,-1.37056727,-0.75173876,-0.74815031,-1.65221362,1.48380653,,-3.07623019,-0.95821417,0.8485635,-0.54357546,,-0.87991663,-0.45458056,-0.72120034,,,-1.26536518,-1
ss017,1.38619091,2.32239246,,-0.42802721,0.4713069,-0.8982148,,,0.74784447,-1.83509641,-3.25258993,1.13932526,-1.67727489,,,,-0.65331844,0.98143731,1.12659297,1.23020486,1.31884993,-0.75649833,0.97960217,-1.04339619,,2.73397077,,0.78463627,-1.11247244,1.2870745,0.9377622,0.93587547,-0.72426628,1.21505465,,-1.99614493,0.65562344,1.94745584,1.15811023,6.41656314,,0.74993205,1.0410271,1.25374991,0.93934005,1.00839849,-1
ss024,1.33816849,-2.53865959,-0.38029948,-0.41920872,-0.44503261,-0.320026,0.35188012,2.26059983,0.72681315,0.51917328,-0.65459553,-1.93594023,-0.91699102,-1.44146941,1.00218835,0.44424757,-0.5757931,0.83310451,0.44075176,0.71858176,0.59367484,-0.35063606,0.94777463,0.7437028,-0.96213358,-2.9137095,-0.43155812,0.87097004,1.71844718,-0.64036922,0.49164907,1.10830507,0.61388698,-1.47913738,-2.42656305,-1.62862373,-0.55657884,-0.86687077,-7.44640301,,,1.19086442,-1.22100935,-1.5209206,0.87813912,0.94044015,-1
ss026,-1.05681308,-1.27035849,1.16288354,1.18573132,0.85333135,0.56428874,0.59441863,-0.89744318,-0.58565026,-1.23522522,-0.85744236,-1.03964265,-1.31287849,-0.40883675,2.03443245,0.44817713,0.50130319,-0.79020208,-0.72073278,-1.10081647,-1.48213758,0.53549308,-1.14495214,-1.35912479,-1.3530533,-2.64468824,,3.90409221,-1.1371893,0.54784207,0.60255669,0.64748606,1.73318016,-0.98244166,-0.79790912,1.02993424,-1.64456641,-1.05548778,-1.73883868,-1.45192413,,-1.27578232,2.23247584,-0.45529592,-1.15874324,-1.50043934,-1
ss028,0.94036082,0.30579299,-0.61908438,-0.47587012,-0.51010875,0.30016942,-0.26406408,1.34262339,0.45734141,2.68104351,-0.71503031,-0.72946057,-0.63238779,0.33990156,0.98748025,1.35118254,1.0719645,1.50115152,-0.32792267,-1.48658602,-0.31313264,0.29139549,-0.58816194,-0.32550767,-0.78859519,-0.90588701,-1.08208126,0.95073772,1.76124183,-0.94470024,-0.50091701,0.51645309,-0.90096542,1.12187782,1.11634731,0.64377761,0.43546702,0.41206598,0.46536006,-1.1469289,0.36070086,-0.60688345,0.92909001,0.92689893,-1.3091894,-1.49977184,-1
ss029,2.17893483,1.20010743,,-0.63476393,-0.73743267,0.95341582,-0.60984836,,,,,-2.11551006,-1.84063762,-1.14832841,-0.77306803,-1.31933909,-1.33856947,-1.04069903,-1.34952148,-1.08860267,-1.43144277,-1.65207841,-0.79677349,-1.5706708,-2.81420465,-1.85891985,,5.7718286,,-3.33354872,-2.58902859,-1.32479973,-2.35956683,-1.89642753,,-1.45650508,-2.23839003,-1.66611017,-1.35831358,-2.14562403,-1.07161714,-3.04162517,,,-1.04099293,-1.19790508,-1
ss031,-1.46811903,0.19377113,-0.32594651,-0.96625801,-0.49983693,0.94047671,-0.42985645,-1.20642717,-0.41605381,0.82873922,-1.51174364,0.43349804,-0.58474678,-1.0908498,1.23874799,1.11402571,1.30552996,1.47886253,0.54380911,0.41796563,-0.38967745,-2.56502713,0.63292626,-0.4362182,-0.58847548,-0.64650131,-1.42224259,-1.77380502,-1.4809304,-0.72841713,0.66145144,-1.4961909,-2.28022737,0.17483933,-0.34094515,1.3292528,-0.65197269,0.54921762,-0.59347475,-0.73919332,-0.65464799,-2.91274996,,0.78368469,0.69604164,0.72395781,-1
ss051,-1.20515575,1.69638923,-1.65319686,-0.96171304,-1.5416366,-1.3467726,1.08178249,1.31824004,-1.37975471,1.60339487,-2.57679866,-1.90280599,-2.10654795,-1.12800466,-1.56099609,-1.69941716,1.48251289,1.05122051,-1.47684809,-0.66132145,-0.85733251,0.87506272,-1.40401231,0.41479078,-1.60335691,-3.99896411,3.3390641,1.73853927,6.16603889,,-1.07727213,-1.50685515,3.91392568,2.00530665,2.76864803,1.93593808,1.10364164,-1.74944148,-1.92644826,-6.64734546,,1.10774194,2.24012754,,2.68244072,2.81440279,-1
ss064,-1.26034672,-0.89450437,0.79590259,0.52740167,0.46746078,-0.56123302,-0.53916592,0.66353432,0.40118865,0.5652082,-0.31680188,-0.80114752,0.88437241,0.94104643,0.26432552,-0.70196316,0.40075529,,0.50110794,-0.24411833,0.39166894,-0.2535161,0.54831838,0.54132346,0.71833141,0.6296154,1.13450481,1.12801044,0.91339784,-0.50132805,-0.48637405,-0.44077587,0.48078274,-0.26165083,-0.70638711,-0.54678577,-0.82680072,0.25823981,-0.460593,0.80645809,-0.58006195,0.70866071,1.80686235,-1.34031167,,0.72505287,-1
ss066,-1.08775224,1.08507997,-0.4457365,-0.48759622,0.67500755,1.72209998,0.63310477,2.07970582,1.4520047,-4.8954426,,0.72981299,0.67445985,0.47273453,2.26210983,1.66808221,1.90201305,1.86759745,0.65033152,1.10621155,0.6253427,-1.08310668,0.89840946,0.69731572,0.82228541,-0.8555592,-1.108285,-1.22331493,-1.81674335,-0.82782268,1.30937063,1.35343216,1.81410157,1.41531732,1.38141526,2.11626664,1.24072584,1.67528152,1.96633343,0.24415023,0.75981978,1.0613951,-0.98084843,1.47252219,1.41755189,1.34702271,-1
ss067,0.85166135,1.35079078,1.24837363,0.96531389,2.0488587,1.85460051,1.08179126,-2.00490408,,,1.86557962,1.16941665,1.04176353,0.47337582,2.40547791,-1.15805833,0.97832358,-0.92874764,0.98599826,-1.41386597,0.51569233,0.87289642,1.01203282,1.51974559,1.71864273,-1.21241108,0.979388,,,1.73387726,1.57857095,1.86770311,-2.09111663,-0.92474356,1.43172146,0.86705643,0.37585446,-0.77031334,2.18025374,-0.60691769,1.10769469,2.06781692,-1.64672651,,,-1.36758939,-1
ss069,0.7687708,0.48491503,0.44034211,0.33172805,1.41047414,1.12376598,0.72361011,3.52465809,,4.32064496,,0.3508966,-0.37687989,0.59717707,0.34021893,0.3579769,0.26698106,0.33079279,-0.58934665,4.8257458,,,1.21191674,1.02958611,-0.86935199,-2.98555385,,0.55167674,1.28560937,0.41649983,0.33738446,-0.29725811,0.44445719,0.33389562,0.83928151,0.84426551,0.7960211,-0.95732141,-2.12323415,-0.69211131,0.30336542,-0.40072512,-0.64261734,1.19193573,0.41464144,0.56621236,-1
ss071,0.317753,-0.21068114,0.21900204,-0.44426967,-0.17976713,-0.481342,0.42444488,0.45701419,-0.55118839,-0.60210843,0.39466698,0.18951713,0.17024927,0.3937404,0.26165119,0.18572469,-0.41494082,0.33615935,0.40891518,-0.212631,-0.1701421,-0.14791559,-0.31177249,-0.47327864,0.30530861,0.38660395,-0.48843114,0.19484864,0.25833437,-0.37555398,-0.35363094,-0.45876151,-0.349447,-0.19251246,0.39847783,-0.14190816,-0.13092081,0.23234823,0.21933233,-0.68176569,-0.47348691,-0.3045596,0.63033608,0.81381052,0.64980393,0.68545506,-1
ss074,0.46985006,-0.84825813,0.79497233,0.54547717,-0.95975321,-1.09095234,-0.92732276,-1.43162562,0.73862051,3.18897965,-1.34504574,-0.90998534,1.62144312,,-0.94146998,2.15595219,0.92269332,,,-0.80018009,0.85729896,-1.229621,-1.21119694,-1.81532777,2.22180029,2.45859824,-1.21815647,-1.81134374,3.93601457,-1.19746846,-0.98658702,-1.54032615,-1.92343584,-1.09469426,1.24967931,-1.08990601,0.51944002,1.29062944,-0.55641129,1.12966006,1.1052405,-1.8188897,-2.10182255,1.94676252,,,-1
ss075,-2.41426964,-1.06862249,-1.6510742,-0.75989505,1.73219563,-2.15446968,0.62529025,-3.20518439,-1.54276273,-3.61754678,1.07704067,1.40757011,-1.05841724,-1.33596251,-1.06808696,-1.25142567,1.59437027,0.83846337,1.02612277,0.94772642,-0.61936028,-0.55062915,1.08557359,0.89295729,-2.32944392,-6.57948948,,2.21177075,-2.61527625,-1.10507461,-0.69896136,-0.82271902,-2.02363248,-2.65532288,1.46804945,0.79776797,-0.97148274,,,,,,,-3.39346913,0.43863683,0.56884387,-1
ss077,0.79657529,3.34895086,,-1.14554262,-1.03496021,-0.88495417,1.71612681,1.05407009,-0.46747961,-0.5289825,0.87206516,-0.71844297,-0.8763923,0.67960534,1.116183,-0.25712356,-0.5920177,0.55514705,-0.41288211,-0.54908413,-0.77163674,-0.54776865,0.40160573,0.3986359,0.50536567,-0.75612951,,0.56657487,0.81050938,,0.96008478,0.54644061,0.62347402,-1.24541273,-0.8786021,-0.79340637,0.52993826,-0.79883716,-2.69687159,,,,2.14774557,-0.30212306,0.57051616,0.61065457,-1
ss083,0.60854651,-2.49024864,1.08432446,-1.23910463,1.14040208,0.96876222,1.15074713,-0.72180923,1.02791153,1.87204662,1.41169916,0.62080819,1.46955544,-1.13064994,1.53830812,1.39574433,1.27534002,1.78569221,-1.67746442,-2.36669369,0.46919625,1.921791,1.27035637,0.78106945,-1.53688258,,1.4824102,1.32960042,1.82027687,0.75363927,0.70741607,1.0039706,0.66407573,0.81404368,0.89100881,1.43365477,-2.36190296,-0.84989425,-0.83821276,1.25132413,-1.96588804,1.26113059,-1.42055216,-1.53080309,1.64339853,1.77769131,-1
ss088,1.01871325,-0.17976417,0.10718708,0.53492876,-0.39564846,0.50293533,-0.54234487,-0.81609117,-0.54929968,-0.60522888,-0.77225742,-0.55120482,-0.43899179,-0.42119251,-0.09650279,0.35126024,0.30854566,0.33144406,-0.33411441,-0.78355799,-0.31153474,-0.34092584,0.96571297,0.27468212,-0.2985928,-0.11520495,-0.56601187,-0.50951698,-0.29916216,-0.42227989,0.26878249,0.12517983,0.15671923,-0.33777086,-0.33208986,-0.38458892,-0.47554705,-0.22512233,-0.41120922,-0.35462357,-0.32000939,-0.49441457,-1.17281697,0.86613287,0.22889029,0.24757717,-1
ss015,0.5372046,-0.53490398,-1.20275868,-0.65784501,-0.91574358,-0.90450378,-1.04422554,0.8553411,-0.49013563,0.37260414,0.34807056,-0.41370776,-0.49190349,-0.36071216,,,,,,-0.31644809,-0.57797468,-0.43809361,-0.63457961,-0.62381846,-0.39051487,-0.44153723,0.52546173,0.57040628,-0.64770348,0.45853693,0.52893056,0.95107652,-0.71206172,,,-0.3644947,-0.45268811,,,-1.09799991,-0.41375356,0.86500218,1.06414115,-1.51258503,,,-1
ss016,1.38744366,-0.97193089,-1.22328764,1.40551736,1.87618452,0.73691146,0.98890814,1.27810117,1.62883063,1.38941332,1.58914727,1.45179213,1.31046658,0.92596397,0.8834176,1.15579519,0.98532716,1.13548025,0.80830609,1.08296372,0.7276864,0.87511007,0.64931207,0.26432862,0.50627048,0.82245317,,-2.32624483,1.54541026,0.67555647,-0.26482321,-0.47878174,1.75366854,1.29293258,0.9096645,1.48987042,0.883432,-0.36931217,-2.29168874,,0.83469175,1.12331101,0.85096287,2.88233953,1.47049823,1.69391076,-1
ss020,-1.16037438,0.25746925,0.26476966,-0.30590636,-0.19050584,0.2345212,-0.26036941,-0.40115324,-0.22977141,-0.17534036,0.73856681,-0.6030406,-0.3117863,-0.38688437,-0.62240234,0.7558827,0.36819522,-0.46784746,-0.12847985,0.19969467,-0.30481018,0.69698367,0.22964797,-0.17825881,-0.27293148,0.93973196,1.23037407,-0.53243332,-0.98642235,0.7144979,0.44753854,0.79678002,0.7512931,-0.70240606,-0.11627005,0.36169363,-0.3103182,0.54907461,1.04867892,0.87306461,-0.36680638,0.46208925,0.52098492,0.33015332,0.64759646,0.80409768,-1
ss021,0.6408846,0.92628312,1.20208697,0.28349138,0.33580591,-0.40525818,0.1841318,2.04747335,0.67493265,4.105786,0.44084303,0.26198045,-0.33824731,-0.41408174,1.5498691,,1.67861664,,,-0.67984018,0.38438338,-0.4730025,-0.53223421,0.1965159,0.53668905,-2.0316998,-1.18042573,-1.1288678,2.08346286,0.60859447,0.29861777,0.39747138,1.84165673,1.44884735,-0.92772815,-0.30890812,0.36928498,3.34360679,-0.76596546,-1.37747799,0.21513291,1.43283489,1.78276819,2.0791779,0.90522422,1.10977258,-1
ss023,2.16110405,2.54449918,1.49017038,-2.25600127,,,-1.40404449,,,-2.675728,-1.24811234,2.13441701,-0.8592354,-1.29185127,-1.07542285,-0.98287993,-1.22643967,1.43161319,0.96148459,1.52300162,0.89415941,-0.87089541,1.27572603,1.2444955,1.32618133,-1.18593529,,,,,1.54758692,1.24910038,-2.8396007,-1.27386605,-1.93439652,   NaN,0.84564569,0.7136719,-1.47234528,1.92746623,-1.59963204,1.1900679,1.93625661,-3.63322932,-0.6925214,-0.71728654,-1
ss030,-8.98699684,-0.80737721,-1.4154846,-4.78024688,0.75430127,-1.19252557,1.37155565,0.64762035,-1.54680313,-1.61185651,0.83587607,-1.75101406,0.87935899,1.32298394,0.61766168,-0.50422252,1.07992658,-1.33107732,1.24307498,-2.33251077,-6.33900356,0.93011047,-0.9851447,-1.39014796,-1.05360642,0.56470656,-0.87430437,-1.44502923,-1.46016205,-0.71274133,0.45297581,-0.34688068,-0.4690612,-1.0424176,-1.53499079,0.96502343,1.10652262,0.7579042,-1.15020319,1.53258451,0.73178724,1.11974249,-1.68147355,1.05201139,-1.88861673,0.92326817,-1
ss036,-1.89605765,-1.51860169,0.59063651,0.91420557,0.97603879,-0.52034339,-0.84713557,-3.65362621,-0.77846039,-1.46185985,-1.62960506,-1.27359639,-0.65011845,0.39542266,-0.93425287,-0.73980272,-0.4534454,0.85868183,0.5328719,-0.70561011,-0.60068368,-0.99837967,-0.62688555,-0.86854558,-1.13532422,-0.60552691,-0.74122169,1.46749982,1.24225889,-1.54484794,-1.25100342,-0.41828434,-1.97930156,-0.68764624,0.96009724,-1.07012221,-0.79450918,0.66594535,0.43714467,0.60921111,-0.65257395,-4.90696583,-2.78745649,-0.87799752,-1.09532636,-0.87803768,-1
ss041,0.21228901,0.78871788,,0.13183557,-0.3286253,0.21358869,-0.36931936,0.33526788,0.31678775,-0.09132321,0.47340983,-0.40242,0.16884655,-0.32803344,0.24786845,0.44894235,0.1847469,-0.13542809,0.10095123,0.30044108,-0.22631135,0.23012561,0.27030494,0.17816289,0.30610128,0.13158925,0.62657052,0.25871377,0.86515584,,-0.39276679,-0.56812801,,-0.28442462,0.37094921,0.44445655,-0.19725772,-0.17706415,0.27000482,-0.33224046,-0.27650809,-0.94782563,   NaN,-0.27652467,0.16545941,0.25814853,-1
ss044,1.04645292,0.8454102,0.5810555,0.4418413,-0.33516475,-0.41010672,-0.39239088,-1.64391615,-0.30767127,-1.28576305,0.22149902,0.75870741,0.63645931,0.34422311,0.42317603,-0.36036988,1.34187233,0.94575955,0.42611347,-0.9026579,-0.85229853,-0.42872334,-0.67103409,-0.43478387,-0.36116553,0.41116018,0.20872911,1.01335402,0.88629118,0.71576266,1.2784502,1.65496401,1.3166509,0.35992567,0.227273,0.2314425,-0.28529183,1.05530801,1.62995418,-0.84511587,-0.13093432,1.3999575,1.8848751,-1.6253883,,1.0640321,-1
ss062,-1.66345372,,-0.96538296,-0.29047826,-0.6956679,-0.48606289,0.22292423,-0.98483904,,4.49099295,-0.28399445,-0.69624741,0.57557375,0.58096609,0.22179059,-0.26862931,0.59048791,-0.45423661,-0.89612234,0.58136084,-0.35609863,-0.53027561,0.52744064,0.73235623,0.34413747,0.57075286,0.55965376,-1.2726671,,,0.42066247,0.76664252,0.88913498,-1.66184437,0.39241546,-0.63976934,,,0.39871782,-0.11463021,0.30148946,,,-0.89184215,0.24812928,0.44845088,-1
ss063,1.29049637,,0.4714327,-0.25044977,-0.55948023,-0.22976147,-0.37577368,0.53690984,0.30253363,-0.6149462,-0.21709824,-0.34243987,-0.15434868,0.26497583,0.35428454,0.40947256,0.44989999,0.54607129,0.06187856,-0.35526135,-0.2004077,0.92034199,0.86666073,0.46383171,-0.24323898,0.13525072,0.58020376,3.12617717,,,0.26537208,0.24304167,0.38824204,-0.73303899,,1.29500783,,,,0.15186056,-0.5894819,,,0.48756071,-0.77069105,-0.20396053,-1
ss065,2.49178506,,-0.52014062,0.41166897,-0.57082312,0.40472236,0.3401095,-1.51154076,,-1.85015353,0.1451936,-0.65010328,-0.46946256,-0.62210451,0.13334675,0.51682877,1.25992811,0.28938516,0.38481686,-0.53653163,0.23046467,-0.57953895,-0.89666905,0.85988296,1.22192775,,,-2.34827726,,,0.67626477,0.64650919,0.6089087,-0.2587323,-0.32279613,0.63462818,0.18890529,0.44886731,0.19437089,0.64298357,1.47623946,-0.56317935,-1.01093329,-1.73760887,0.6429199,0.71787463,-1
ss068,0.32775917,0.37339489,-0.38605305,-0.75995352,-0.57702357,-0.34969497,0.27853562,0.3110261,0.56626748,0.39774772,-0.73552782,-0.69377047,-1.09882325,-0.61028506,-0.54931383,0.53507476,0.23417814,0.54164695,0.60845743,0.57437571,-0.2386086,-0.53377268,-0.42522005,0.9364055,-1.59373844,-0.47725939,-0.34354216,0.53118732,-0.47767726,0.27554861,0.48717871,0.49618207,0.59924825,-1.19555104,-0.9422875,-0.48297882,-0.59463961,0.66814185,-0.9146287,-0.69179487,-0.40929795,0.73851235,0.58369581,0.12942009,0.33267,0.37851706,-1
ss070,1.21991213,0.88291679,0.38980288,-0.84310164,0.78867378,2.18893841,-0.68665293,3.69313249,,-1.32035515,,0.89837731,-1.8695339,,0.96414726,-1.07921925,-1.548463,-1.30254558,-0.62921136,1.50755785,,1.4652248,1.20587681,-1.66065329,-1.95458695,-1.6935815,1.78458145,2.55443917,,2.13071653,-0.61112964,-0.62344532,1.26580308,,-0.57811201,1.34344917,-0.96524609,0.98820798,-3.24999011,,,1.07106878,-1.31339945,,,0.83240294,-1
ss076,0.75429373,0.24422521,-0.52847222,0.3865042,-0.85049506,-1.07652851,0.52937829,1.89878942,0.23875102,0.81202402,,,,,,0.33188874,0.40378775,1.05132528,0.53649845,0.75805015,0.4058849,1.10562637,0.46072551,1.02007046,0.68733772,-0.73474729,0.68336515,0.93141509,1.25035557,0.85244544,0.72010215,1.03128041,0.70580166,0.43826064,-0.41472704,0.32205801,0.74238275,-0.68620723,0.62237009,0.35026668,0.36854089,1.21608379,1.39573138,-0.75015376,0.58466901,0.71851609,-1
ss093,0.61300406,-0.82058919,-0.56684547,0.48524626,0.62824599,0.84865451,0.46622993,0.7372667,0.76544461,0.79681364,0.34208563,0.21121534,-0.22310483,-0.24187106,0.70628104,0.98961956,0.83475356,1.05101556,-0.26297415,0.30348565,0.54937558,0.5416925,0.72593384,0.43332214,0.30037533,0.45858189,0.51654483,1.46846092,1.10163181,0.55491479,0.30508305,-0.38051672,0.61841163,0.9857625,1.02323771,1.48118054,0.99434909,0.68101153,0.63973847,0.29256432,0.32457164,0.49129861,-0.32047645,0.4465137,1.1554197,1.19212459,-1
ss095,1.85524013,-1.88322788,-1.1952782,1.07757442,2.25220899,-0.32766778,0.72445204,2.64503461,1.24600712,-0.87665866,-0.56769021,0.2646962,-0.57722809,-0.71790667,1.00905295,0.66155811,2.61832445,0.80824946,-1.48104137,1.02299343,,,,,0.48558459,-1.07457131,3.90208296,1.99575917,5.43080668,0.52436573,1.31212545,1.45843196,1.37359083,-0.96907394,-0.71606537,-1.47420922,1.16254451,-1.97693943,-1.03928912,-0.92028988,1.58296242,1.15204302,3.23566346,,,1.8364963,-1
ss096,1.75731179,-1.05512332,,-0.7480456,1.04600279,-0.74673561,-0.96249196,1.27833081,0.7094081,0.72264686,1.02913163,0.9340109,-0.73799416,,,0.56275271,1.50193835,1.03826746,0.31433987,-1.3153095,0.57121547,-0.5771759,-1.36600127,-0.76023598,1.59402545,,,-1.27489568,,0.28591357,0.70552076,0.70598911,0.44746107,1.56286002,0.48454471,0.60163717,0.91918822,-1.38996808,,,-1.32556318,,0.3126161,1.18787895,0.90446572,0.9992388,-1
ss098,-0.79927385,1.39124741,1.68201536,0.81562247,0.63583896,0.52516503,0.30875451,-0.95028693,-0.25869124,-1.61033429,0.9669201,0.30311632,0.57436523,2.19554838,1.8632688,0.54481747,-0.43874023,0.44258878,0.54286112,1.16330967,0.79245262,0.42097739,0.39976929,-0.69492145,0.82376482,1.19398608,1.0557014,1.8623515,-1.7279861,0.71876405,1.33188582,1.45586389,0.55453653,1.08681525,1.79658322,1.82801115,0.15984557,1.35048043,1.32272888,-2.76007924,,0.40486752,-0.92027643,-0.96762439,0.56087283,0.64162693,-1
